,count
113.88.13.132,14883
61.177.172.13,1625
221.181.185.153,1264
222.187.232.205,1235
221.181.185.198,1212
221.181.185.159,1187
221.131.165.56,1072
221.181.185.135,1043
221.181.185.220,1037
222.187.239.109,966
221.181.185.19,944
222.187.239.107,933
221.181.185.223,696
221.181.185.143,617
177.74.231.96,579
103.131.88.230,579
191.241.179.213,579
117.5.156.69,579
27.69.240.19,579
176.106.107.111,579
157.100.76.105,579
113.180.78.219,579
14.243.85.96,579
189.202.87.58,579
36.68.131.91,579
78.160.27.17,579
41.60.238.239,579
102.129.73.157,579
123.26.20.182,577
183.89.64.238,577
115.75.10.255,577
36.74.108.63,577
36.68.219.97,575
138.121.44.148,575
194.169.167.3,575
36.76.203.185,575
36.82.98.252,573
186.154.41.149,573
36.65.124.59,573
140.213.58.33,573
187.132.92.121,573
189.142.214.195,572
116.99.164.40,571
1.55.247.252,567
180.246.223.116,567
14.139.41.87,567
36.68.122.28,565
190.198.183.156,563
176.236.116.126,561
92.188.145.198,561
14.172.125.135,557
118.99.107.68,557
221.131.165.23,554
45.227.79.187,554
180.245.152.195,552
221.181.185.151,552
36.83.12.219,549
103.251.188.8,543
112.205.15.25,533
117.251.16.75,518
197.164.71.234,516
159.192.222.102,491
221.181.185.140,468
171.255.67.178,439
171.100.51.250,377
103.255.145.98,375
222.168.30.19,370
36.77.93.75,365
165.232.174.69,361
110.137.81.241,361
39.42.18.226,359
68.183.177.229,351
103.235.170.162,346
125.165.13.21,345
103.145.22.49,337
49.145.14.2,316
95.111.241.154,291
122.51.208.128,291
146.56.216.83,291
110.168.168.8,288
81.70.29.188,286
125.26.202.130,281
157.46.108.190,278
121.46.26.126,275
150.129.200.93,262
119.45.150.247,243
42.112.67.85,242
143.198.112.36,240
211.154.249.75,230
119.45.193.252,221
113.175.63.153,214
171.243.120.15,211
64.52.85.144,211
210.187.41.162,210
122.52.139.239,209
140.238.87.21,206
123.119.69.92,201
142.93.59.117,199
95.214.52.21,199
189.254.242.60,199
121.229.63.151,199
138.0.143.55,199
190.80.239.166,199
68.183.80.77,199
14.63.162.98,199
150.109.238.40,199
13.76.222.249,199
113.23.144.50,199
125.212.245.93,199
118.193.80.106,199
45.43.55.22,199
103.121.197.81,199
212.64.60.50,199
140.249.50.143,199
103.136.40.17,199
154.83.16.181,199
106.53.2.93,199
178.234.37.197,199
165.22.220.78,199
121.5.102.18,199
186.225.252.38,199
188.166.212.31,199
42.194.211.37,199
104.236.105.231,198
115.79.35.110,198
138.68.143.111,198
146.59.16.35,198
194.28.50.52,198
139.59.236.25,198
164.100.189.5,198
121.139.69.202,198
129.204.143.161,198
104.131.97.219,198
221.229.218.50,197
104.199.168.122,197
178.124.206.28,197
154.70.208.66,197
68.183.191.39,197
206.189.127.6,197
61.221.64.5,197
202.165.22.54,197
134.175.227.112,197
128.199.129.68,197
164.90.154.25,197
139.199.80.75,197
164.90.145.103,197
165.22.99.216,197
121.201.95.66,197
122.254.100.157,197
139.59.2.44,197
80.102.214.209,197
202.122.8.50,197
161.22.39.18,197
185.74.4.189,197
159.89.202.95,197
66.175.233.84,197
138.68.64.178,197
192.210.207.123,197
221.239.48.197,197
140.206.223.61,196
103.109.152.210,196
137.116.224.184,195
106.52.152.73,195
121.46.238.204,195
1.15.147.20,195
199.231.184.60,195
104.131.46.166,195
212.253.125.253,195
65.151.189.73,195
152.136.252.134,195
165.22.50.136,195
106.12.160.17,195
203.170.58.241,195
190.143.69.140,195
119.5.157.124,195
143.198.14.72,195
61.75.226.85,195
120.92.141.241,194
49.235.100.147,194
182.61.133.15,193
119.45.18.205,193
132.232.200.163,193
164.155.104.184,193
206.189.128.215,193
36.107.230.1,193
106.58.185.232,193
103.233.5.24,193
123.127.237.43,192
106.53.242.182,191
114.113.237.67,191
101.251.197.238,191
62.234.73.230,191
209.97.147.223,189
81.70.163.249,189
119.28.100.102,187
218.14.208.90,187
81.70.156.161,185
31.27.192.73,185
1.116.25.72,185
106.54.218.152,185
187.189.149.241,184
178.62.1.192,184
103.100.208.30,183
122.51.52.154,183
188.166.0.239,183
178.128.232.185,183
80.24.149.228,182
106.253.59.78,182
167.71.9.180,182
61.154.175.10,182
118.25.53.96,182
138.68.81.162,182
120.92.110.219,182
123.127.198.100,182
195.133.216.62,182
49.234.30.113,181
182.71.197.195,181
150.95.26.228,181
159.203.76.113,181
49.232.223.123,181
1.15.100.43,181
20.53.160.120,180
143.198.203.154,180
134.209.146.100,180
178.128.218.29,180
35.198.245.188,180
207.46.227.197,180
139.59.233.0,180
128.199.192.146,180
189.206.160.153,180
147.139.189.77,180
206.189.46.85,180
68.183.70.124,180
116.228.233.91,180
106.55.92.108,180
62.122.156.74,180
181.48.155.149,180
106.12.199.96,180
174.138.0.130,180
111.229.128.169,180
121.46.24.107,180
68.183.52.2,180
81.68.106.155,180
119.45.144.250,180
159.65.84.183,179
104.131.102.169,179
81.68.183.164,179
165.232.128.248,179
157.245.108.35,179
42.193.142.13,179
103.89.252.123,179
107.175.50.219,179
152.32.146.21,179
168.194.13.4,179
201.93.179.118,179
129.226.150.149,179
51.254.129.170,179
216.155.90.238,179
122.51.103.120,179
125.212.225.167,179
121.4.56.225,178
181.49.154.26,178
120.71.149.142,178
45.7.116.162,178
134.209.231.248,178
159.75.138.194,178
134.209.107.228,178
61.216.24.94,178
138.68.106.62,178
167.71.224.234,178
49.234.124.225,177
106.53.227.141,177
68.183.110.49,177
35.228.169.211,177
46.101.253.249,177
61.160.251.98,177
121.5.142.223,177
186.4.136.153,177
46.101.141.140,176
45.149.77.27,176
117.50.90.2,176
138.68.110.166,176
134.209.197.169,176
209.97.143.9,176
106.54.238.208,176
213.27.189.252,176
103.152.79.161,176
192.241.174.44,176
82.156.184.249,176
167.99.250.186,176
177.155.248.68,175
23.235.157.58,175
51.81.86.69,175
51.15.39.120,175
190.113.46.4,175
187.72.53.89,175
95.85.15.86,175
129.28.154.240,175
140.249.221.204,174
165.232.165.42,174
218.65.221.24,174
60.13.251.214,173
82.156.99.230,173
66.98.45.242,173
190.119.197.210,173
174.138.12.154,173
144.7.116.1,173
94.137.136.45,173
49.235.252.45,173
103.130.112.133,173
111.161.74.106,173
81.70.193.181,172
80.229.35.62,172
118.193.39.112,172
207.154.205.115,172
68.183.145.59,172
167.172.194.231,172
68.183.177.17,172
81.70.205.193,172
118.24.19.10,172
138.94.199.19,172
128.199.193.246,172
201.48.25.161,172
150.136.132.142,172
157.230.189.177,172
132.232.4.33,171
81.69.35.41,171
121.4.66.32,171
121.4.80.21,171
49.232.160.156,171
185.116.6.57,170
174.138.177.19,170
5.141.81.226,170
61.135.136.184,170
107.170.134.125,170
121.5.39.74,170
122.176.55.24,170
123.140.114.196,170
180.76.175.234,170
103.157.186.163,170
213.171.212.141,170
150.95.82.240,169
159.75.128.164,169
58.62.18.194,168
106.54.65.139,168
122.51.73.181,168
102.185.45.222,168
119.45.242.149,167
140.143.56.61,167
1.15.151.103,167
49.235.236.35,166
148.70.102.225,166
178.62.52.150,165
106.53.148.9,165
49.233.251.133,164
81.70.159.11,164
101.36.127.61,163
121.4.66.196,163
121.5.149.204,162
62.234.157.228,162
210.211.124.15,162
185.65.137.245,162
49.234.229.88,161
18.188.253.246,161
45.162.4.175,160
131.196.219.79,160
187.170.224.46,159
62.234.213.198,158
121.5.28.225,158
165.227.124.228,158
177.126.224.24,157
81.69.12.243,157
129.204.249.36,157
121.4.56.34,156
121.4.229.122,156
49.235.85.119,155
82.156.81.59,155
185.220.182.246,154
120.201.250.44,153
115.159.200.183,153
49.234.96.106,153
142.93.109.2,152
81.30.148.248,152
120.221.149.166,152
123.19.27.159,152
68.183.236.92,152
199.19.76.101,152
159.65.64.70,152
35.220.250.178,152
101.36.124.30,152
128.199.142.33,152
82.157.25.164,151
123.206.26.133,151
60.220.185.199,148
45.240.88.35,147
110.235.219.237,146
49.233.79.152,146
81.70.79.184,145
222.255.148.167,145
211.108.69.103,144
120.194.222.46,144
118.195.134.140,143
113.31.119.165,141
218.201.133.86,141
68.183.18.128,141
143.110.215.154,141
49.234.21.219,141
104.248.2.89,141
212.64.38.8,140
128.199.137.41,140
218.75.110.51,140
106.75.218.43,140
111.230.175.183,138
211.75.141.111,137
203.150.107.72,137
186.206.157.74,136
36.90.153.213,135
150.136.21.93,133
197.5.145.26,132
179.108.19.202,132
181.177.245.165,132
181.50.251.25,132
187.17.172.218,128
187.35.147.87,128
39.109.127.194,127
119.29.144.4,127
178.128.41.141,127
66.181.166.123,127
159.65.8.21,127
178.128.109.201,127
66.23.236.4,127
144.126.210.64,127
103.152.181.45,127
41.59.100.34,127
41.60.235.119,127
165.227.114.124,127
116.12.52.79,127
113.98.193.58,127
104.131.16.77,127
128.199.156.25,127
189.240.62.227,127
189.174.102.115,127
104.248.57.63,127
185.4.134.68,127
14.241.236.73,127
142.93.145.85,127
159.65.64.76,127
51.161.10.20,127
111.161.74.118,127
119.45.157.238,126
128.201.60.29,126
121.201.124.176,126
148.70.185.36,126
51.75.204.7,126
82.196.5.221,126
43.241.62.221,126
106.52.80.185,126
68.183.35.255,126
118.27.25.146,126
157.245.124.160,126
45.55.184.78,126
42.193.138.248,126
62.171.132.193,126
106.54.67.25,126
118.193.32.11,125
218.18.161.186,125
103.226.250.169,125
124.77.6.15,125
119.204.96.131,125
113.160.248.80,125
81.70.154.62,125
59.152.237.118,125
188.131.158.174,125
82.156.105.147,125
106.52.51.73,125
190.111.211.52,124
179.108.19.214,124
49.234.213.75,124
115.124.118.234,124
186.195.108.66,124
121.5.155.213,124
20.64.157.95,124
83.221.215.66,124
106.75.26.38,124
138.68.99.110,124
43.129.25.108,124
42.192.23.115,124
134.209.217.134,124
82.207.87.24,124
119.45.188.40,124
68.183.38.145,123
210.114.22.29,123
189.112.89.17,123
123.183.172.85,123
49.234.139.218,123
58.221.62.221,123
67.207.94.180,123
162.62.63.93,123
42.194.138.78,123
27.128.168.225,123
103.93.125.9,123
207.102.138.60,122
101.32.187.113,122
5.195.10.174,122
49.234.43.39,122
52.81.22.111,122
178.128.144.227,122
218.111.88.185,122
27.128.173.81,122
159.89.114.40,122
49.232.212.5,122
167.99.66.2,122
118.24.79.178,122
106.12.217.78,122
134.209.98.180,122
179.216.180.76,121
183.6.107.44,121
47.50.246.114,121
221.213.129.46,121
103.136.40.128,121
116.92.213.114,121
178.128.117.191,121
185.21.100.118,121
1.116.69.189,121
180.76.250.49,121
60.255.230.126,120
148.70.29.243,120
201.238.215.131,120
42.192.80.154,120
165.227.72.48,120
104.248.48.34,120
167.99.202.143,120
124.172.244.163,120
134.175.121.80,120
1.15.150.10,120
106.12.73.204,120
49.233.35.248,120
219.131.193.180,120
196.216.73.90,120
106.13.217.124,120
190.58.130.230,120
103.44.252.72,120
49.234.105.229,120
116.59.25.192,120
138.68.236.50,119
139.155.180.172,119
49.235.213.170,118
181.16.17.224,118
128.199.110.226,118
180.76.235.96,118
106.75.141.160,118
118.195.160.8,117
119.96.171.162,117
195.122.226.164,117
134.175.17.32,116
128.1.38.138,116
61.155.106.101,116
121.120.80.170,115
211.24.73.223,115
180.76.158.36,115
45.33.9.13,115
139.59.3.114,115
81.70.161.162,115
122.252.229.3,115
157.122.149.18,114
42.192.99.30,114
190.202.32.2,114
122.51.178.89,113
186.16.210.34,113
35.245.76.194,113
27.128.244.13,112
119.29.216.238,112
120.48.25.245,112
49.233.7.192,112
188.166.240.30,112
52.178.155.67,112
140.143.228.18,111
121.4.45.131,111
182.61.144.129,111
106.75.145.22,111
62.234.113.86,110
101.36.109.104,108
49.233.203.30,108
180.250.6.218,108
121.5.237.100,108
111.229.191.150,108
94.191.93.46,107
103.4.217.138,107
180.76.39.254,107
190.147.33.171,106
171.108.154.29,105
188.148.11.22,105
218.86.31.67,105
121.225.49.87,105
113.31.102.8,104
118.97.247.186,103
101.231.146.34,102
106.12.160.130,101
222.191.234.30,101
106.13.221.213,98
49.236.195.183,98
133.175.236.149,97
51.38.134.12,97
211.36.141.69,97
211.36.141.243,97
123.13.214.215,97
138.0.239.70,97
178.116.137.233,97
82.156.251.231,96
111.19.157.70,96
211.36.141.6,96
106.52.249.134,96
49.235.207.127,95
2.42.221.248,95
49.232.168.102,95
189.4.128.122,94
118.195.150.237,94
60.30.98.194,94
67.207.82.163,93
49.88.112.60,91
128.199.192.223,91
117.239.209.24,91
49.235.172.41,91
212.129.236.203,91
159.203.16.68,90
113.110.253.235,90
211.26.187.128,90
45.227.254.10,90
193.122.163.242,90
157.245.227.165,90
209.141.41.34,87
115.159.93.156,87
49.235.231.187,85
118.89.200.78,85
109.134.162.71,84
83.59.250.197,83
164.90.135.35,81
82.156.185.139,81
180.76.246.205,80
49.51.47.149,79
67.205.137.106,75
92.63.199.9,75
188.166.151.44,74
193.112.178.135,73
122.226.113.66,72
205.185.121.222,72
175.24.187.87,72
64.227.2.175,71
66.98.126.99,70
223.188.67.132,70
190.145.81.37,70
111.229.215.184,69
104.131.88.229,69
144.34.234.6,69
106.54.223.18,68
36.89.68.38,68
3.17.73.65,67
43.226.73.253,65
139.198.19.125,65
14.99.117.194,64
128.199.131.150,64
150.109.146.87,64
58.59.17.74,59
119.45.221.79,58
191.83.221.163,57
103.85.171.154,56
106.75.103.83,56
13.72.86.172,55
122.51.213.127,54
118.25.251.14,52
120.71.13.11,52
64.225.10.188,51
81.161.63.103,51
103.123.8.91,50
122.162.98.255,48
101.33.32.20,48
167.99.231.236,48
167.99.41.147,46
117.2.22.85,46
121.4.127.97,46
180.96.11.20,44
167.99.224.154,43
111.198.33.54,43
181.113.133.236,43
190.107.30.120,43
8.21.13.156,43
152.231.140.150,43
178.128.73.254,43
222.98.173.216,43
201.31.223.77,43
42.192.200.149,42
112.196.117.137,41
181.49.254.230,40
67.205.156.162,40
103.147.3.12,38
116.196.69.144,38
42.192.231.109,38
36.110.114.29,37
211.161.60.21,36
1.169.137.143,36
81.161.63.253,36
36.74.75.31,35
77.37.162.17,35
5.141.85.82,33
176.111.173.205,33
106.75.254.173,32
52.236.32.160,32
77.95.8.11,30
188.131.183.242,30
129.211.10.111,30
212.64.76.91,29
104.131.27.190,29
218.94.57.157,29
194.6.233.138,29
81.161.63.100,27
178.62.37.78,27
180.217.33.45,27
178.54.1.21,26
182.254.220.148,26
168.138.145.234,26
117.131.43.195,25
190.104.190.15,25
36.152.142.45,25
218.92.0.200,25
27.155.193.109,25
46.8.31.168,25
114.242.245.29,25
61.132.52.45,24
58.60.152.146,24
51.81.80.147,23
49.233.182.119,23
117.131.43.196,22
122.51.204.45,22
119.45.220.31,22
189.7.25.246,21
101.230.248.163,21
101.230.248.164,21
165.232.111.17,21
117.131.43.197,20
142.93.8.164,20
35.247.150.136,18
195.19.102.173,17
180.76.99.171,16
221.6.32.34,16
117.131.43.194,15
101.230.248.162,15
175.24.123.245,15
51.132.185.77,14
101.230.248.165,14
121.5.210.7,14
125.213.128.169,14
101.230.248.166,14
104.131.79.252,13
181.48.28.13,12
179.157.4.188,12
187.18.108.73,12
43.226.155.16,12
139.198.177.235,12
181.123.176.88,12
189.113.131.44,11
20.198.76.99,11
117.131.43.198,11
203.205.37.233,11
203.159.80.12,10
42.192.118.125,10
58.60.152.148,10
161.35.179.74,10
61.132.52.29,9
3.143.144.212,9
37.139.15.205,8
194.165.16.89,8
67.216.209.28,8
114.7.162.198,6
112.215.241.202,6
209.145.52.207,6
161.97.182.19,5
159.89.105.53,5
185.220.103.9,5
88.134.67.45,4
46.101.23.51,4
125.139.190.46,4
85.24.147.115,4
104.153.28.79,4
60.221.50.80,4
194.233.66.109,4
104.131.8.24,4
51.222.28.192,4
182.253.102.102,4
112.164.242.29,4
143.198.0.128,4
206.81.2.230,4
200.216.31.20,4
93.67.170.137,4
91.160.19.34,4
116.58.251.121,4
167.71.228.224,4
67.205.151.178,4
159.89.47.106,4
165.22.43.247,4
84.191.220.91,4
5.188.206.99,4
161.35.59.177,4
218.207.154.76,4
51.75.43.157,4
5.188.206.54,4
157.230.188.44,4
5.188.206.102,4
72.69.217.132,4
109.116.7.240,4
209.159.153.90,4
23.247.33.61,4
45.153.160.130,4
40.87.111.246,4
5.188.206.98,4
157.230.3.204,4
161.35.108.241,4
104.248.236.10,4
107.189.10.42,3
162.247.74.213,3
178.165.72.177,3
60.25.153.206,3
144.34.178.90,3
45.153.160.132,3
132.145.241.192,3
185.220.102.253,3
5.188.206.101,3
65.49.20.68,3
185.191.124.143,3
5.188.206.100,3
210.114.17.198,2
119.29.87.251,2
104.211.34.53,2
49.51.180.194,2
202.61.133.80,2
162.247.74.204,2
89.163.243.88,2
190.221.46.78,2
185.220.102.242,2
111.230.195.170,2
193.112.127.245,2
106.52.115.36,2
111.160.204.110,2
171.25.193.25,2
194.169.167.1,2
152.67.5.220,2
82.64.45.205,2
51.15.182.157,2
218.94.136.90,2
203.128.242.166,2
106.13.19.75,2
103.133.57.250,2
121.241.244.92,2
106.53.92.254,2
81.70.48.166,2
1.116.68.137,2
66.230.230.230,2
206.189.119.230,2
5.104.110.89,2
119.45.41.227,2
185.220.102.244,2
58.56.32.238,2
178.151.192.55,2
200.5.196.218,2
94.180.57.15,2
103.151.145.10,2
152.136.132.163,2
185.220.102.247,2
171.25.193.77,2
106.55.150.24,2
82.196.9.161,2
103.203.57.1,2
65.49.20.66,2
121.6.219.179,2
106.12.46.26,2
14.152.17.87,2
185.10.68.22,2
182.180.82.28,2
20.83.146.24,2
51.75.43.137,2
213.149.173.170,2
197.248.16.118,2
178.73.215.171,2
188.166.236.44,2
175.24.97.62,2
181.15.95.194,2
106.54.189.120,2
222.186.160.114,2
199.195.251.84,2
185.213.155.169,2
192.42.116.20,2
185.220.102.6,2
123.206.46.250,2
190.121.5.210,2
14.63.174.149,2
218.248.64.239,2
123.13.210.89,2
140.143.128.66,2
128.199.1.140,2
49.232.218.129,2
159.203.242.122,2
118.25.187.178,2
111.229.79.12,2
112.215.113.11,2
134.209.185.4,2
13.80.104.33,2
218.31.39.157,2
124.156.146.224,2
185.165.171.14,2
209.141.46.249,2
192.42.116.16,2
159.89.115.74,2
185.220.102.248,2
152.32.189.205,2
159.203.119.85,2
58.222.107.253,2
172.96.227.178,2
61.189.43.58,2
171.25.193.78,2
106.52.52.52,2
192.210.207.83,2
162.247.74.74,2
185.220.102.4,2
198.98.51.189,2
198.144.121.93,2
212.129.26.73,2
183.162.230.169,2
46.59.65.88,1
45.153.160.134,1
185.220.103.8,1
23.129.64.249,1
46.64.83.21,1
185.191.124.151,1
185.220.102.246,1
3.18.213.106,1
62.102.148.68,1
162.62.117.85,1
91.132.147.168,1
45.153.160.138,1
89.234.157.254,1
47.241.104.229,1
65.49.196.138,1
114.113.225.111,1
42.193.110.36,1
45.153.160.131,1
46.233.112.24,1
45.153.160.2,1
18.27.197.252,1
165.232.163.55,1
106.55.167.165,1
82.156.208.242,1
185.91.165.19,1
45.129.56.200,1
45.153.160.129,1
62.234.114.154,1
81.71.140.116,1
43.254.158.189,1
62.234.58.195,1
118.195.146.151,1
27.155.97.12,1
162.55.60.177,1
106.12.167.146,1
59.126.51.197,1
187.112.75.219,1
1.15.172.197,1
171.25.193.20,1
132.232.26.42,1
182.61.132.240,1
23.129.64.247,1
185.220.102.241,1
92.6.83.6,1
81.68.96.230,1
1.14.15.205,1
162.247.74.202,1
65.49.20.69,1
185.220.101.1,1
177.5.53.176,1
193.112.18.214,1
89.163.252.30,1
23.129.64.238,1
